id,firstName,lastName,age,position,mobile
1,208500,4,1710,1710,4
2,181500,4,1262,1262,4
3,223500,4,1786,1786,4
4,140000,4,1717,1717,4
5,250000,4,2198,2198,4
6,143000,4,1362,1362,4
7,307000,4,1694,1694,4
8,200000,4,2090,2090,4
9,129900,4,1774,1774,4
10,118000,4,1077,1077,4
11,129500,4,1040,1040,4
12,345000,4,2324,2324,4
13,144000,4,912,912,4
14,279500,4,1494,1494,4
15,157000,4,1253,1253,4
16,132000,4,854,854,4
17,149000,4,1004,1004,4
18,90000,4,1296,1296,4
19,159000,4,1114,1114,4
20,139000,4,1339,1339,4
21,325300,4,2376,2376,4
22,139400,4,1108,1108,4
23,230000,4,1795,1795,4
24,129900,4,1060,1060,4
25,154000,4,1060,1060,4
26,256300,4,1600,1600,4
27,134800,4,900,900,4
28,306000,4,1704,1704,4
29,207500,4,1600,1600,4
30,68500,4,520,520,4
31,40000,4,1317,1317,4
32,149350,4,1228,1228,4
33,179900,4,1234,1234,4
34,165500,4,1700,1700,4
35,277500,4,1561,1561,4
36,309000,4,2452,2452,4
37,145000,4,1097,1097,4
38,153000,4,1297,1297,4
39,109000,4,1057,1057,4
40,82000,4,1152,1152,4
41,160000,4,1324,1324,4
42,170000,4,1328,1328,4
43,144000,4,884,884,4
44,130250,4,938,938,4
45,141000,4,1150,1150,4
46,319900,4,1752,1752,4
47,239686,4,2149,2149,4
48,249700,4,1656,1656,4
49,113000,4,1452,1452,4
50,127000,4,955,955,4
51,177000,4,1470,1470,4
52,114500,4,1176,1176,4
53,110000,4,816,816,4
54,385000,4,1842,1842,4
55,130000,4,1360,1360,4
56,180500,4,1425,1425,4
57,172500,4,1739,1739,4
58,196500,4,1720,1720,4
59,438780,4,2945,2945,4
60,124900,4,780,780,4
61,158000,4,1158,1158,4
62,101000,4,1111,1111,4
63,202500,4,1370,1370,4
64,140000,4,1710,1710,4
65,219500,4,2034,2034,4
66,317000,4,2473,2473,4
67,180000,4,2207,2207,4
68,226000,4,1479,1479,4
69,80000,4,747,747,4
70,225000,4,2287,2287,4
71,244000,4,2223,2223,4
72,129500,4,845,845,4
73,185000,4,1718,1718,4
74,144900,4,1086,1086,4
75,107400,4,1605,1605,4
76,91000,4,988,988,4
77,135750,4,952,952,4
78,127000,4,1285,1285,4
79,136500,4,1768,1768,4
80,110000,4,1230,1230,4
81,193500,4,2142,2142,4
82,153500,4,1337,1337,4
83,245000,4,1563,1563,4
84,126500,4,1065,1065,4
85,168500,4,1474,1474,4
86,260000,4,2417,2417,4
87,174000,4,1560,1560,4
88,164500,4,1224,1224,4
89,85000,4,1526,1526,4
90,123600,4,990,990,4
91,109900,4,1040,1040,4
92,98600,4,1235,1235,4
93,163500,4,964,964,4
94,133900,4,2291,2291,4
95,204750,4,1786,1786,4
96,185000,4,1470,1470,4
97,214000,4,1588,1588,4
98,94750,4,960,960,4
99,83000,4,835,835,4
100,128950,4,1225,1225,4
101,205000,4,1610,1610,4
102,178000,4,1732,1732,4
103,118964,4,1535,1535,4
104,198900,4,1226,1226,4
105,169500,4,1818,1818,4
106,250000,4,1992,1992,4
107,100000,4,1047,1047,4
108,115000,4,789,789,4
109,115000,4,1517,1517,4
110,190000,4,1844,1844,4
111,136900,4,1855,1855,4
112,180000,4,1430,1430,4
113,383970,4,2696,2696,4
114,217000,4,2259,2259,4
115,259500,4,2320,2320,4
116,176000,4,1458,1458,4
117,139000,4,1092,1092,4
118,155000,4,1125,1125,4
119,320000,4,3222,3222,4
120,163990,4,1456,1456,4
121,180000,4,988,988,4
122,100000,4,1123,1123,4
123,136000,4,1080,1080,4
124,153900,4,1199,1199,4
125,181000,4,1586,1586,4
126,84500,4,754,754,4
127,128000,4,958,958,4
128,87000,4,840,840,4
129,155000,4,1348,1348,4
130,150000,4,1053,1053,4
131,226000,4,2157,2157,4
132,244000,4,2054,2054,4
133,150750,4,1327,1327,4
134,220000,4,1296,1296,4
135,180000,4,1721,1721,4
136,174000,4,1682,1682,4
137,143000,4,1214,1214,4
138,171000,4,1959,1959,4
139,230000,4,1852,1852,4
140,231500,4,1764,1764,4
141,115000,4,864,864,4
142,260000,4,1734,1734,4
143,166000,4,1385,1385,4
144,204000,4,1501,1501,4
145,125000,4,1728,1728,4
146,130000,4,1709,1709,4
147,105000,4,875,875,4
148,222500,4,2035,2035,4
149,141000,4,1080,1080,4
150,115000,4,1344,1344,4
151,122000,4,969,969,4
152,372402,4,1710,1710,4
153,190000,4,1993,1993,4
154,235000,4,1252,1252,4
155,125000,4,1200,1200,4
156,79000,4,1096,1096,4
157,109500,4,1040,1040,4
158,269500,4,1968,1968,4
159,254900,4,1947,1947,4
160,320000,4,2462,2462,4
161,162500,4,1232,1232,4
162,412500,4,2668,2668,4
163,220000,4,1541,1541,4
164,103200,4,882,882,4
165,152000,4,1616,1616,4
166,127500,4,1355,1355,4
167,190000,4,1867,1867,4
168,325624,4,2161,2161,4
169,183500,4,1720,1720,4
170,228000,4,1707,1707,4
171,128500,4,1382,1382,4
172,215000,4,1656,1656,4
173,239000,4,1767,1767,4
174,163000,4,1362,1362,4
175,184000,4,1651,1651,4
176,243000,4,2158,2158,4
177,211000,4,2060,2060,4
178,172500,4,1920,1920,4
179,501837,4,2234,2234,4
180,100000,4,968,968,4
181,177000,4,1525,1525,4
182,200100,4,1802,1802,4
183,120000,4,1340,1340,4
184,200000,4,2082,2082,4
185,127000,4,1252,1252,4
186,475000,4,3608,3608,4
187,173000,4,1217,1217,4
188,135000,4,1656,1656,4
189,153337,4,1224,1224,4
190,286000,4,1593,1593,4
191,315000,4,2727,2727,4
192,184000,4,1479,1479,4
193,192000,4,1431,1431,4
194,130000,4,1709,1709,4
195,127000,4,864,864,4
196,148500,4,1456,1456,4
197,311872,4,1726,1726,4
198,235000,4,3112,3112,4
199,104000,4,2229,2229,4
200,274900,4,1713,1713,4
201,140000,4,1121,1121,4
202,171500,4,1279,1279,4
203,112000,4,1310,1310,4
204,149000,4,848,848,4
205,110000,4,1284,1284,4
206,180500,4,1442,1442,4
207,143900,4,1696,1696,4
208,141000,4,1100,1100,4
209,277000,4,2062,2062,4
210,145000,4,1092,1092,4
211,98000,4,864,864,4
212,186000,4,1212,1212,4
213,252678,4,1852,1852,4
214,156000,4,990,990,4
215,161750,4,1392,1392,4
216,134450,4,1236,1236,4
217,210000,4,1436,1436,4
218,107000,4,1328,1328,4
219,311500,4,1954,1954,4
220,167240,4,1248,1248,4
221,204900,4,1498,1498,4
222,200000,4,2267,2267,4
223,179900,4,1552,1552,4
224,97000,4,864,864,4
225,386250,4,2392,2392,4
226,112000,4,1302,1302,4
227,290000,4,2520,2520,4
228,106000,4,987,987,4
229,125000,4,912,912,4
230,192500,4,1555,1555,4
231,148000,4,1194,1194,4
232,403000,4,2794,2794,4
233,94500,4,987,987,4
234,128200,4,894,894,4
235,216500,4,1960,1960,4
236,89500,4,987,987,4
237,185500,4,1414,1414,4
238,194500,4,1744,1744,4
239,318000,4,1694,1694,4
240,113000,4,1487,1487,4
241,262500,4,1566,1566,4
242,110500,4,866,866,4
243,79000,4,1440,1440,4
244,120000,4,1217,1217,4
245,205000,4,2110,2110,4
246,241500,4,1872,1872,4
247,137000,4,1928,1928,4
248,140000,4,1375,1375,4
249,180000,4,1668,1668,4
250,277000,4,2144,2144,4
251,76500,4,1306,1306,4
252,235000,4,1625,1625,4
253,173000,4,1640,1640,4
254,158000,4,1302,1302,4
255,145000,4,1314,1314,4
256,230000,4,2291,2291,4
257,207500,4,1728,1728,4
258,220000,4,1604,1604,4
259,231500,4,1792,1792,4
260,97000,4,882,882,4
261,176000,4,1382,1382,4
262,276000,4,2574,2574,4
263,151000,4,1212,1212,4
264,130000,4,1316,1316,4
265,73000,4,764,764,4
266,175500,4,1422,1422,4
267,185000,4,1511,1511,4
268,179500,4,2192,2192,4
269,120500,4,778,778,4
270,148000,4,1113,1113,4
271,266000,4,1939,1939,4
272,241500,4,1363,1363,4
273,290000,4,2270,2270,4
274,139000,4,1632,1632,4
275,124500,4,816,816,4
276,205000,4,1548,1548,4
277,201000,4,1560,1560,4
278,141000,4,864,864,4
279,415298,4,2121,2121,4
280,192000,4,2022,2022,4
281,228500,4,1982,1982,4
282,185000,4,1262,1262,4
283,207500,4,1314,1314,4
284,244600,4,1468,1468,4
285,179200,4,1575,1575,4
286,164700,4,1250,1250,4
287,159000,4,1734,1734,4
288,88000,4,858,858,4
289,122000,4,900,900,4
290,153575,4,1396,1396,4
291,233230,4,1919,1919,4
292,135900,4,1716,1716,4
293,131000,4,1716,1716,4
294,235000,4,2263,2263,4
295,167000,4,1644,1644,4
296,142500,4,1003,1003,4
297,152000,4,1558,1558,4
298,239000,1,1950,1950,1
299,175000,1,1743,1743,1
300,158500,1,1152,1152,1
301,157000,1,1336,1336,1
302,267000,1,2452,2452,1
303,205000,1,1541,1541,1
304,149900,1,894,894,1
305,295000,1,3493,3493,1
306,305900,1,2000,2000,1
307,225000,1,2243,2243,1
308,89500,1,1406,1406,1
309,82500,1,861,861,1
310,360000,1,1944,1944,1
311,165600,1,1501,1501,1
312,132000,1,972,972,1
313,119900,1,1118,1118,1
314,375000,1,2036,2036,1
315,178000,1,1641,1641,1
316,188500,1,1432,1432,1
317,260000,1,2353,2353,1
318,270000,1,1959,1959,1
319,260000,1,2646,2646,1
320,187500,1,1472,1472,1
321,342643,1,2596,2596,1
322,354000,1,2468,2468,1
323,301000,1,2730,2730,1
324,126175,1,1163,1163,1
325,242000,1,2978,2978,1
326,87000,1,803,803,1
327,324000,1,1719,1719,1
328,145250,1,1383,1383,1
329,214500,1,2134,2134,1
330,78000,1,1192,1192,1
331,119000,1,1728,1728,1
332,139000,1,1056,1056,1
333,284000,1,1629,1629,1
334,207000,1,1358,1358,1
335,192000,1,1638,1638,1
336,228950,1,1786,1786,1
337,377426,1,1922,1922,1
338,214000,1,1536,1536,1
339,202500,1,1621,1621,1
340,155000,1,1215,1215,1
341,202900,1,1908,1908,1
342,82000,1,841,841,1
343,87500,1,1040,1040,1
344,266000,1,1684,1684,1
345,85000,1,1112,1112,1
346,140200,1,1577,1577,1
347,151500,1,958,958,1
348,157500,1,1478,1478,1
349,154000,1,1626,1626,1
350,437154,1,2728,2728,1
351,318061,1,1869,1869,1
352,190000,1,1453,1453,1
353,95000,1,1111,1111,1
354,105900,1,720,720,1
355,140000,1,1595,1595,1
356,177500,1,1200,1200,1
357,173000,1,1167,1167,1
358,134000,1,1142,1142,1
359,130000,1,1352,1352,1
360,280000,1,1924,1924,1
361,156000,1,912,912,1
362,145000,1,1505,1505,1
363,198500,1,1922,1922,1
364,118000,1,987,987,1
365,190000,1,1574,1574,1
366,147000,1,1344,1344,1
367,159000,1,1394,1394,1
368,165000,1,1431,1431,1
369,132000,1,1268,1268,1
370,162000,1,1287,1287,1
371,172400,1,1664,1664,1
372,134432,1,1588,1588,1
373,125000,1,752,752,1
374,123000,1,1319,1319,1
375,219500,1,1928,1928,1
376,61000,1,904,904,1
377,148000,1,914,914,1
378,340000,1,2466,2466,1
379,394432,1,1856,1856,1
380,179000,1,1800,1800,1
381,127000,1,1691,1691,1
382,187750,1,1301,1301,1
383,213500,1,1797,1797,1
384,76000,1,784,784,1
385,240000,1,1953,1953,1
386,192000,1,1269,1269,1
387,81000,1,1184,1184,1
388,125000,1,1125,1125,1
389,191000,1,1479,1479,1
390,426000,1,2332,2332,1
391,119000,1,1367,1367,1
392,215000,1,1961,1961,1
393,106500,1,882,882,1
394,100000,1,788,788,1
395,109000,1,1034,1034,1
396,129000,1,1144,1144,1
397,123000,1,894,894,1
398,169500,1,1812,1812,1
399,67000,1,1077,1077,1
400,241000,1,1550,1550,1
401,245500,1,1288,1288,1
402,164990,1,1310,1310,1
403,108000,1,672,672,1
404,258000,1,2263,2263,1
405,168000,1,1572,1572,1
406,150000,1,1620,1620,1
407,115000,1,1639,1639,1
408,177000,1,1680,1680,1
409,280000,1,2172,2172,1
410,339750,1,2078,2078,1
411,60000,1,1276,1276,1
412,145000,1,1056,1056,1
413,222000,1,1478,1478,1
414,115000,1,1028,1028,1
415,228000,1,2097,2097,1
416,181134,1,1340,1340,1
417,149500,1,1400,1400,1
418,239000,1,2624,2624,1
419,126000,1,1134,1134,1
420,142000,1,1056,1056,1
421,206300,1,1344,1344,1
422,215000,1,1602,1602,1
423,113000,1,988,988,1
424,315000,1,2630,2630,1
425,139000,1,1196,1196,1
426,135000,1,1389,1389,1
427,275000,1,1644,1644,1
428,109008,1,907,907,1
429,195400,1,1208,1208,1
430,175000,1,1412,1412,1
431,85400,1,987,987,1
432,79900,1,1198,1198,1
433,122500,1,1365,1365,1
434,181000,1,1604,1604,1
435,81000,1,630,630,1
436,212000,1,1661,1661,1
437,116000,1,1118,1118,1
438,119000,1,904,904,1
439,90350,1,694,694,1
440,110000,1,1196,1196,1
441,555000,1,2402,2402,1
442,118000,1,1440,1440,1
443,162900,1,1573,1573,1
444,172500,1,1258,1258,1
445,210000,1,1908,1908,1
446,127500,1,1689,1689,1
447,190000,1,1888,1888,1
448,199900,1,1886,1886,1
449,119500,1,1376,1376,1
450,120000,1,1183,1183,1
451,110000,1,813,813,1
452,280000,1,1533,1533,1
453,204000,1,1756,1756,1
454,210000,1,1590,1590,1
455,188000,1,1728,1728,1
456,175500,1,1242,1242,1
457,98000,1,1344,1344,1
458,256000,1,1663,1663,1
459,161000,1,1666,1666,1
460,110000,1,1203,1203,1
461,263435,1,1935,1935,1
462,155000,1,1135,1135,1
463,62383,1,864,864,1
464,188700,1,1660,1660,1
465,124000,1,1040,1040,1
466,178740,1,1414,1414,1
467,167000,1,1277,1277,1
468,146500,1,1644,1644,1
469,250000,1,1634,1634,1
470,187000,1,1710,1710,1
471,212000,1,1502,1502,1
472,190000,1,1969,1969,1
473,148000,1,1072,1072,1
474,440000,1,1976,1976,1
475,251000,1,1652,1652,1
476,132500,1,970,970,1
477,208900,1,1493,1493,1
478,380000,1,2643,2643,1
479,297000,1,1718,1718,1
480,89471,1,1131,1131,1
481,326000,1,1850,1850,1
482,374000,1,1792,1792,1
483,155000,1,1826,1826,1
484,164000,1,1216,1216,1
485,132500,1,999,999,1
486,147000,1,1113,1113,1
487,156000,1,1073,1073,1
488,175000,1,1484,1484,1
489,160000,1,2414,2414,1
490,86000,1,630,630,1
491,115000,1,1304,1304,1
492,133000,1,1578,1578,1
493,172785,1,1456,1456,1
494,155000,1,1269,1269,1
495,91300,1,886,886,1
496,34900,1,720,720,1
497,430000,1,3228,3228,1
498,184000,1,1820,1820,1
499,130000,1,899,899,1
500,120000,1,912,912,1
501,113000,1,1218,1218,1
502,226700,1,1768,1768,1
503,140000,1,1214,1214,1
504,289000,1,1801,1801,1
505,147000,1,1322,1322,1
506,124500,1,1960,1960,1
507,215000,1,1911,1911,1
508,208300,1,1218,1218,1
509,161000,1,1378,1378,1
510,124500,1,1041,1041,1
511,164900,1,1363,1363,1
512,202665,1,1368,1368,1
513,129900,1,864,864,1
514,134000,1,1080,1080,1
515,96500,1,789,789,1
516,402861,1,2020,2020,1
517,158000,1,2119,2119,1
518,265000,1,2344,2344,1
519,211000,1,1796,1796,1
520,234000,1,2080,2080,1
521,106250,1,1294,1294,1
522,150000,1,1244,1244,1
523,159000,1,1664,1664,1
524,184750,1,4676,4676,1
525,315750,1,2398,2398,1
526,176000,1,1266,1266,1
527,132000,1,928,928,1
528,446261,1,2713,2713,1
529,86000,1,605,605,1
530,200624,1,2515,2515,1
531,175000,1,1509,1509,1
532,128000,1,1362,1362,1
533,107500,1,827,827,1
534,39300,1,334,334,1
535,178000,1,1414,1414,1
536,107500,1,1347,1347,1
537,188000,1,1724,1724,1
538,111250,1,864,864,1
539,158000,1,1159,1159,1
540,272000,1,1601,1601,1
541,315000,1,1838,1838,1
542,248000,1,2285,2285,1
543,213250,1,1680,1680,1
544,133000,1,767,767,1
545,179665,1,1496,1496,1
546,229000,1,2183,2183,1
547,210000,1,1635,1635,1
548,129500,1,768,768,1
549,125000,1,825,825,1
550,263000,1,2094,2094,1
551,140000,1,1069,1069,1
552,112500,1,928,928,1
553,255500,1,1717,1717,1
554,108000,1,1126,1126,1
555,284000,1,2046,2046,1
556,113000,1,1048,1048,1
557,141000,1,1092,1092,1
558,108000,1,1336,1336,1
559,175000,1,1446,1446,1
560,234000,1,1557,1557,1
561,121500,1,1392,1392,1
562,170000,1,1389,1389,1
563,108000,1,996,996,1
564,185000,1,1674,1674,1
565,268000,1,2295,2295,1
566,128000,1,1647,1647,1
567,325000,1,2504,2504,1
568,214000,1,1535,1535,1
569,316600,1,2132,2132,1
570,135960,1,943,943,1
571,142600,1,1728,1728,1
572,120000,1,864,864,1
573,224500,1,1692,1692,1
574,170000,1,1430,1430,1
575,139000,1,1109,1109,1
576,118500,1,1216,1216,1
577,145000,1,1477,1477,1
578,164500,1,1320,1320,1
579,146000,1,1392,1392,1
580,131500,1,1795,1795,1
581,181900,1,1429,1429,1
582,253293,1,2042,2042,1
583,118500,1,816,816,1
584,325000,1,2775,2775,1
585,133000,1,1573,1573,1
586,369900,1,2028,2028,1
587,130000,1,838,838,1
588,137000,1,860,860,1
589,143000,1,1473,1473,1
590,79500,1,935,935,1
591,185900,1,1582,1582,1
592,451950,1,2296,2296,1
593,138000,1,816,816,1
594,140000,1,848,848,1
595,110000,1,924,924,1
596,319000,1,1826,1826,1
597,114504,1,1368,1368,1
598,194201,1,1402,1402,1
599,217500,1,1647,1647,1
600,151000,1,1556,1556,1
601,275000,1,1904,1904,1
602,141000,1,1375,1375,1
603,220000,1,1915,1915,1
604,151000,1,1200,1200,1
605,221000,1,1494,1494,1
606,205000,1,1986,1986,1
607,152000,1,1040,1040,1
608,225000,1,2008,2008,1
609,359100,1,3194,3194,1
610,118500,1,1029,1029,1
611,313000,1,2153,2153,1
612,148000,1,1032,1032,1
613,261500,1,1872,1872,1
614,147000,1,1120,1120,1
615,75500,1,630,630,1
616,137500,1,1054,1054,1
617,183200,1,1509,1509,1
618,105500,1,832,832,1
619,314813,1,1828,1828,1
620,305000,1,2262,2262,1
621,67000,1,864,864,1
622,240000,1,2614,2614,1
623,135000,1,980,980,1
624,168500,1,1512,1512,1
625,165150,1,1790,1790,1
626,160000,1,1116,1116,1
627,139900,1,1422,1422,1
628,153000,1,1520,1520,1
629,135000,1,2080,2080,1
630,168500,1,1350,1350,1
631,124000,1,1750,1750,1
632,209500,1,1554,1554,1
633,82500,1,1411,1411,1
634,139400,1,1056,1056,1
635,144000,1,1056,1056,1
636,200000,1,3395,3395,1
637,60000,1,800,800,1
638,93000,1,1387,1387,1
639,85000,1,796,796,1
640,264561,1,1567,1567,1
641,274000,1,1518,1518,1
642,226000,1,1929,1929,1
643,345000,1,2704,2704,1
644,152000,1,1620,1620,1
645,370878,1,1766,1766,1
646,143250,1,981,981,1
647,98300,1,1048,1048,1
648,155000,1,1094,1094,1
649,155000,1,1839,1839,1
650,84500,1,630,630,1
651,205950,1,1665,1665,1
652,108000,1,1510,1510,1
653,191000,1,1716,1716,1
654,135000,1,1469,1469,1
655,350000,1,2113,2113,1
656,88000,1,1092,1092,1
657,145500,1,1053,1053,1
658,149000,1,1502,1502,1
659,97500,1,1458,1458,1
660,167000,1,1486,1486,1
661,197900,1,1935,1935,1
662,402000,1,2448,2448,1
663,110000,1,1392,1392,1
664,137500,1,1181,1181,1
665,423000,1,2097,2097,1
666,230500,1,1936,1936,1
667,129000,1,2380,2380,1
668,193500,1,1679,1679,1
669,168000,1,1437,1437,1
670,137500,1,1180,1180,1
671,173500,1,1476,1476,1
672,103600,1,1369,1369,1
673,165000,1,1208,1208,1
674,257500,1,1839,1839,1
675,140000,1,1136,1136,1
676,148500,1,1441,1441,1
677,87000,1,1774,1774,1
678,109500,1,792,792,1
679,372500,1,2046,2046,1
680,128500,1,988,988,1
681,143000,1,923,923,1
682,159434,1,1520,1520,1
683,173000,1,1291,1291,1
684,285000,1,1668,1668,1
685,221000,1,1839,1839,1
686,207500,1,2090,2090,1
687,227875,1,1761,1761,1
688,148800,1,1102,1102,1
689,392000,1,1419,1419,1
690,194700,1,1362,1362,1
691,141000,1,848,848,1
692,755000,1,4316,4316,1
693,335000,1,2519,2519,1
694,108480,1,1073,1073,1
695,141500,1,1539,1539,1
696,176000,1,1137,1137,1
697,89000,1,616,616,1
698,123500,1,1148,1148,1
699,138500,1,894,894,1
700,196000,1,1391,1391,1
701,312500,1,1800,1800,1
702,140000,1,1164,1164,1
703,361919,1,2576,2576,1
704,140000,1,1812,1812,1
705,213000,1,1484,1484,1
706,55000,1,1092,1092,1
707,302000,1,1824,1824,1
708,254000,1,1324,1324,1
709,179540,1,1456,1456,1
710,109900,1,904,904,1
711,52000,1,729,729,1
712,102776,1,1178,1178,1
713,189000,1,1228,1228,1
714,129000,1,960,960,1
715,130500,1,1479,1479,1
716,165000,1,1350,1350,1
717,159500,1,2554,2554,1
718,157000,1,1178,1178,1
719,341000,1,2418,2418,1
720,128500,1,971,971,1
721,275000,1,1742,1742,1
722,143000,1,848,848,1
723,124500,1,864,864,1
724,135000,1,1470,1470,1
725,320000,1,1698,1698,1
726,120500,1,864,864,1
727,222000,1,1680,1680,1
728,194500,1,1232,1232,1
729,110000,1,1776,1776,1
730,103000,1,1208,1208,1
731,236500,1,1616,1616,1
732,187500,1,1146,1146,1
733,222500,1,2031,2031,1
734,131400,1,1144,1144,1
735,108000,1,948,948,1
736,163000,1,1768,1768,1
737,93500,1,1040,1040,1
738,239900,1,1801,1801,1
739,179000,1,1200,1200,1
740,190000,1,1728,1728,1
741,132000,1,1432,1432,1
742,142000,1,912,912,1
743,179000,1,1349,1349,1
744,175000,1,1464,1464,1
745,180000,1,1337,1337,1
746,299800,1,2715,2715,1
747,236000,1,2256,2256,1
748,265979,1,2640,2640,1
749,260400,1,1720,1720,1
750,98000,1,1529,1529,1
751,96500,1,1140,1140,1
752,162000,1,1320,1320,1
753,217000,1,1494,1494,1
754,275500,1,2098,2098,1
755,156000,1,1026,1026,1
756,172500,1,1471,1471,1
757,212000,1,1768,1768,1
758,158900,1,1386,1386,1
759,179400,1,1501,1501,1
760,290000,1,2531,2531,1
761,127500,1,864,864,1
762,100000,1,1301,1301,1
763,215200,1,1547,1547,1
764,337000,1,2365,2365,1
765,270000,1,1494,1494,1
766,264132,1,1506,1506,1
767,196500,1,1714,1714,1
768,160000,1,1750,1750,1
769,216837,1,1836,1836,1
770,538000,1,3279,3279,1
771,134900,1,858,858,1
772,102000,1,1220,1220,1
773,107000,1,1117,1117,1
774,114500,1,912,912,1
775,395000,1,1973,1973,1
776,162000,1,1204,1204,1
777,221500,1,1614,1614,1
778,142500,1,894,894,1
779,144000,1,2020,2020,1
780,135000,1,1004,1004,1
781,176000,1,1253,1253,1
782,175900,1,1603,1603,1
783,187100,1,1430,1430,1
784,165500,1,1110,1110,1
785,128000,1,1484,1484,1
786,161500,1,1342,1342,1
787,139000,1,1652,1652,1
788,233000,1,2084,2084,1
789,107900,1,901,901,1
790,187500,1,2087,2087,1
791,160200,1,1145,1145,1
792,146800,1,1062,1062,1
793,269790,1,2013,2013,1
794,225000,1,1496,1496,1
795,194500,1,1895,1895,1
796,171000,1,1564,1564,1
797,143500,1,1285,1285,1
798,110000,1,773,773,1
799,485000,1,3140,3140,1
800,175000,1,1768,1768,1
801,200000,1,1688,1688,1
802,109900,1,1196,1196,1
803,189000,1,1456,1456,1
804,582933,1,2822,2822,1
805,118000,1,1128,1128,1
806,227680,1,1428,1428,1
807,135500,1,980,980,1
808,223500,1,1576,1576,1
809,159950,1,1086,1086,1
810,106000,1,2138,2138,1
811,181000,1,1309,1309,1
812,144500,1,848,848,1
813,55993,1,1044,1044,1
814,157900,1,1442,1442,1
815,116000,1,1250,1250,1
816,224900,1,1661,1661,1
817,137000,1,1008,1008,1
818,271000,1,1689,1689,1
819,155000,1,1052,1052,1
820,224000,1,1358,1358,1
821,183000,1,1640,1640,1
822,93000,1,936,936,1
823,225000,1,1733,1733,1
824,139500,1,1489,1489,1
825,232600,1,1489,1489,1
826,385000,1,2084,2084,1
827,109500,1,784,784,1
828,189000,1,1434,1434,1
829,185000,1,2126,2126,1
830,147400,1,1223,1223,1
831,166000,1,1392,1392,1
832,151000,1,1200,1200,1
833,237000,1,1829,1829,1
834,167000,1,1516,1516,1
835,139950,1,1144,1144,1
836,128000,1,1067,1067,1
837,153500,1,1559,1559,1
838,100000,1,987,987,1
839,144000,1,1099,1099,1
840,130500,3,1200,1200,3
841,140000,3,1482,1482,3
842,157500,3,1539,1539,3
843,174900,3,1165,1165,3
844,141000,3,1800,1800,3
845,153900,3,1416,1416,3
846,171000,3,1701,1701,3
847,213000,3,1775,1775,3
848,133500,3,864,864,3
849,240000,3,2358,2358,3
850,187000,3,1855,1855,3
851,131500,3,848,848,3
852,215000,3,1456,1456,3
853,164000,3,1646,1646,3
854,158000,3,1445,1445,3
855,170000,3,1779,1779,3
856,127000,3,1040,1040,3
857,147000,3,1026,1026,3
858,174000,3,1481,1481,3
859,152000,3,1370,1370,3
860,250000,3,2654,2654,3
861,189950,3,1426,1426,3
862,131500,3,1039,1039,3
863,152000,3,1097,1097,3
864,132500,3,1148,1148,3
865,250580,3,1372,1372,3
866,148500,3,1002,1002,3
867,248900,3,1646,1646,3
868,129000,3,1120,1120,3
869,169000,3,2320,2320,3
870,236000,3,1949,1949,3
871,109500,3,894,894,3
872,200500,3,1682,1682,3
873,116000,3,910,910,3
874,133000,3,1268,1268,3
875,66500,3,1131,1131,3
876,303477,3,2610,2610,3
877,132250,3,1040,1040,3
878,350000,3,2224,2224,3
879,148000,3,1155,1155,3
880,136500,3,864,864,3
881,157000,3,1090,1090,3
882,187500,3,1717,1717,3
883,178000,3,1593,1593,3
884,118500,3,2230,2230,3
885,100000,3,892,892,3
886,328900,3,1709,1709,3
887,145000,3,1712,1712,3
888,135500,3,1393,1393,3
889,268000,3,2217,2217,3
890,149500,3,1505,1505,3
891,122900,3,924,924,3
892,172500,3,1683,1683,3
893,154500,3,1068,1068,3
894,165000,3,1383,1383,3
895,118858,3,1535,1535,3
896,140000,3,1796,1796,3
897,106500,3,951,951,3
898,142953,3,2240,2240,3
899,611657,3,2364,2364,3
900,135000,3,1236,1236,3
901,110000,3,858,858,3
902,153000,3,1306,1306,3
903,180000,3,1509,1509,3
904,240000,3,1670,1670,3
905,125500,3,902,902,3
906,128000,3,1063,1063,3
907,255000,3,1636,1636,3
908,250000,3,2057,2057,3
909,131000,3,902,902,3
910,174000,3,1484,1484,3
911,154300,3,2274,2274,3
912,143500,3,1268,1268,3
913,88000,3,1015,1015,3
914,145000,3,2002,2002,3
915,173733,3,1224,1224,3
916,75000,3,1092,1092,3
917,35311,3,480,480,3
918,135000,3,1229,1229,3
919,238000,3,2127,2127,3
920,176500,3,1414,1414,3
921,201000,3,1721,1721,3
922,145900,3,2200,2200,3
923,169990,3,1316,1316,3
924,193000,3,1617,1617,3
925,207500,3,1686,1686,3
926,175000,3,1126,1126,3
927,285000,3,2374,2374,3
928,176000,3,1978,1978,3
929,236500,3,1788,1788,3
930,222000,3,2236,2236,3
931,201000,3,1466,1466,3
932,117500,3,925,925,3
933,320000,3,1905,1905,3
934,190000,3,1500,1500,3
935,242000,3,2069,2069,3
936,79900,3,747,747,3
937,184900,3,1200,1200,3
938,253000,3,1971,1971,3
939,239799,3,1962,1962,3
940,244400,3,2403,2403,3
941,150900,3,1728,1728,3
942,214000,3,2060,2060,3
943,150000,3,1440,1440,3
944,143000,3,1632,1632,3
945,137500,3,1344,1344,3
946,124900,3,1869,1869,3
947,143000,3,1144,1144,3
948,270000,3,1629,1629,3
949,192500,3,1776,1776,3
950,197500,3,1381,1381,3
951,129000,3,864,864,3
952,119900,3,965,965,3
953,133900,3,768,768,3
954,172000,3,1968,1968,3
955,127500,3,980,980,3
956,145000,3,1958,1958,3
957,124000,3,1229,1229,3
958,132000,3,1057,1057,3
959,185000,3,1337,1337,3
960,155000,3,1416,1416,3
961,116500,3,858,858,3
962,272000,3,2872,2872,3
963,155000,3,1548,1548,3
964,239000,3,1800,1800,3
965,214900,3,1894,1894,3
966,178900,3,1484,1484,3
967,160000,3,1308,1308,3
968,135000,3,1098,1098,3
969,37900,3,968,968,3
970,140000,3,1095,1095,3
971,135000,3,1192,1192,3
972,173000,3,1626,1626,3
973,99500,3,918,918,3
974,182000,3,1428,1428,3
975,167500,3,2019,2019,3
976,165000,3,1382,1382,3
977,85500,3,869,869,3
978,199900,3,1241,1241,3
979,110000,3,894,894,3
980,139000,3,1121,1121,3
981,178400,3,999,999,3
982,336000,3,2612,2612,3
983,159895,3,1266,1266,3
984,255900,3,2290,2290,3
985,126000,3,1734,1734,3
986,125000,3,1164,1164,3
987,117000,3,1635,1635,3
988,395192,3,1940,1940,3
989,195000,3,2030,2030,3
990,197000,3,1576,1576,3
991,348000,3,2392,2392,3
992,168000,3,1742,1742,3
993,187000,3,1851,1851,3
994,173900,3,1500,1500,3
995,337500,3,1718,1718,3
996,121600,3,1230,1230,3
997,136500,3,1050,1050,3
998,185000,3,1442,1442,3
999,91000,3,1077,1077,3
1000,206000,3,1208,1208,3
1001,82000,3,944,944,3
1002,86000,3,691,691,3
1003,232000,3,1574,1574,3
1004,136905,3,1680,1680,3
1005,181000,3,1504,1504,3
1006,149900,3,985,985,3
1007,163500,3,1657,1657,3
1008,88000,3,1092,1092,3
1009,240000,3,1710,1710,3
1010,102000,3,1522,1522,3
1011,135000,3,1271,1271,3
1012,100000,3,1664,1664,3
1013,165000,3,1502,1502,3
1014,85000,3,1022,1022,3
1015,119200,3,1082,1082,3
1016,227000,3,1665,1665,3
1017,203000,3,1504,1504,3
1018,187500,3,1360,1360,3
1019,160000,3,1472,1472,3
1020,213490,3,1506,1506,3
1021,176000,3,1132,1132,3
1022,194000,3,1220,1220,3
1023,87000,3,1248,1248,3
1024,191000,3,1504,1504,3
1025,287000,3,2898,2898,3
1026,112500,3,882,882,3
1027,167500,3,1264,1264,3
1028,293077,3,1646,1646,3
1029,105000,3,1376,1376,3
1030,118000,3,1218,1218,3
1031,160000,3,1928,1928,3
1032,197000,3,3082,3082,3
1033,310000,3,2520,2520,3
1034,230000,3,1654,1654,3
1035,119750,3,954,954,3
1036,84000,3,845,845,3
1037,315500,3,1620,1620,3
1038,287000,3,2263,2263,3
1039,97000,3,1344,1344,3
1040,80000,3,630,630,3
1041,155000,3,1803,1803,3
1042,173000,3,1632,1632,3
1043,196000,3,1306,1306,3
1044,262280,3,2329,2329,3
1045,278000,3,2524,2524,3
1046,139600,3,1733,1733,3
1047,556581,3,2868,2868,3
1048,145000,3,990,990,3
1049,115000,3,1771,1771,3
1050,84900,3,930,930,3
1051,176485,3,1302,1302,3
1052,200141,3,1316,1316,3
1053,165000,3,1977,1977,3
1054,144500,3,1526,1526,3
1055,255000,3,1989,1989,3
1056,180000,3,1523,1523,3
1057,185850,3,1364,1364,3
1058,248000,3,1850,1850,3
1059,335000,3,2184,2184,3
1060,220000,3,1991,1991,3
1061,213500,3,1338,1338,3
1062,81000,3,894,894,3
1063,90000,3,2337,2337,3
1064,110500,3,1103,1103,3
1065,154000,3,1154,1154,3
1066,328000,3,2260,2260,3
1067,178000,3,1571,1571,3
1068,167900,3,1611,1611,3
1069,151400,3,2521,2521,3
1070,135000,3,893,893,3
1071,135000,3,1048,1048,3
1072,154000,3,1556,1556,3
1073,91500,3,1456,1456,3
1074,159500,3,1426,1426,3
1075,194000,3,1240,1240,3
1076,219500,3,1740,1740,3
1077,170000,3,1466,1466,3
1078,138800,3,1096,1096,3
1079,155900,3,848,848,3
1080,126000,3,990,990,3
1081,145000,3,1258,1258,3
1082,133000,3,1040,1040,3
1083,192000,3,1459,1459,3
1084,160000,3,1251,1251,3
1085,187500,3,1498,1498,3
1086,147000,3,996,996,3
1087,83500,3,1092,1092,3
1088,252000,3,1953,1953,3
1089,137500,3,1709,1709,3
1090,197000,3,1247,1247,3
1091,92900,3,1040,1040,3
1092,160000,3,1252,1252,3
1093,136500,3,1694,1694,3
1094,146000,3,1200,1200,3
1095,129000,3,936,936,3
1096,176432,3,1314,1314,3
1097,127000,3,1355,1355,3
1098,170000,3,1088,1088,3
1099,128000,3,1324,1324,3
1100,157000,3,1601,1601,3
1101,60000,3,438,438,3
1102,119500,3,950,950,3
1103,135000,3,1134,1134,3
1104,159500,3,1194,1194,3
1105,106000,3,1302,1302,3
1106,325000,3,2622,2622,3
1107,179900,3,1442,1442,3
1108,274725,3,2021,2021,3
1109,181000,3,1690,1690,3
1110,280000,3,1836,1836,3
1111,188000,3,1658,1658,3
1112,205000,3,1964,1964,3
1113,129900,3,816,816,3
1114,134500,3,1008,1008,3
1115,117000,3,833,833,3
1116,318000,3,1734,1734,3
1117,184100,3,1419,1419,3
1118,130000,3,894,894,3
1119,140000,3,1601,1601,3
1120,133700,3,1040,1040,3
1121,118400,3,1012,1012,3
1122,212900,3,1552,1552,3
1123,112000,3,960,960,3
1124,118000,3,698,698,3
1125,163900,3,1482,1482,3
1126,115000,3,1005,1005,3
1127,174000,3,1555,1555,3
1128,259000,3,1530,1530,3
1129,215000,3,1959,1959,3
1130,140000,3,936,936,3
1131,135000,3,1981,1981,3
1132,93500,3,974,974,3
1133,117500,3,2210,2210,3
1134,239500,3,2020,2020,3
1135,169000,3,1600,1600,3
1136,102000,3,986,986,3
1137,119000,3,1252,1252,3
1138,94000,3,1020,1020,3
1139,196000,3,1567,1567,3
1140,144000,3,1167,1167,3
1141,139000,3,952,952,3
1142,197500,3,1868,1868,3
1143,424870,3,2828,2828,3
1144,80000,3,1006,1006,3
1145,80000,3,924,924,3
1146,149000,3,1576,1576,3
1147,180000,3,1298,1298,3
1148,174500,3,1564,1564,3
1149,116900,3,1111,1111,3
1150,143000,3,1482,1482,3
1151,124000,3,932,932,3
1152,149900,3,1466,1466,3
1153,230000,3,1811,1811,3
1154,120500,3,816,816,3
1155,201800,3,1820,1820,3
1156,218000,3,1437,1437,3
1157,179900,3,1265,1265,3
1158,230000,3,1314,1314,3
1159,235128,3,1580,1580,3
1160,185000,3,1876,1876,3
1161,146000,3,1456,1456,3
1162,224000,3,1640,1640,3
1163,129000,3,894,894,3
1164,108959,3,1258,1258,3
1165,194000,3,1432,1432,3
1166,233170,3,1502,1502,3
1167,245350,3,1694,1694,3
1168,173000,3,1671,1671,3
1169,235000,3,2108,2108,3
1170,625000,3,3627,3627,3
1171,171000,3,1118,1118,3
1172,163000,3,1261,1261,3
1173,171900,3,1250,1250,3
1174,200500,3,3086,3086,3
1175,239000,3,2345,2345,3
1176,285000,3,2872,2872,3
1177,119500,3,923,923,3
1178,115000,3,1224,1224,3
1179,154900,3,1343,1343,3
1180,93000,3,1124,1124,3
1181,250000,3,2514,2514,3
1182,392500,3,1652,1652,3
1183,745000,3,4476,4476,3
1184,120000,3,1130,1130,3
1185,186700,3,1572,1572,3
1186,104900,3,1221,1221,3
1187,95000,3,1699,1699,3
1188,262000,3,1624,1624,3
1189,195000,3,1660,1660,3
1190,189000,3,1804,1804,3
1191,168000,3,1622,1622,3
1192,174000,3,1441,1441,3
1193,125000,3,1472,1472,3
1194,165000,3,1224,1224,3
1195,158000,3,1352,1352,3
1196,176000,3,1456,1456,3
1197,219210,3,1863,1863,3
1198,144000,3,1690,1690,3
1199,178000,3,1212,1212,3
1200,148000,3,1382,1382,3
1201,116050,3,864,864,3
1202,197900,3,1779,1779,3
1203,117000,3,1348,1348,3
1204,213000,3,1630,1630,3
1205,153500,3,1074,1074,3
1206,271900,3,2196,2196,3
1207,107000,3,1056,1056,3
1208,200000,3,1700,1700,3
1209,140000,3,1283,1283,3
1210,290000,3,1660,1660,3
1211,189000,3,1845,1845,3
1212,164000,3,1752,1752,3
1213,113000,3,672,672,3
1214,145000,3,960,960,3
1215,134500,3,999,999,3
1216,125000,3,894,894,3
1217,112000,3,1902,1902,3
1218,229456,3,1314,1314,3
1219,80500,3,912,912,3
1220,91500,3,1218,1218,3
1221,115000,3,912,912,3
1222,134000,3,1211,1211,3
1223,143000,3,1846,1846,3
1224,137900,3,2136,2136,3
1225,184000,3,1490,1490,3
1226,145000,3,1138,1138,3
1227,214000,3,1933,1933,3
1228,147000,3,912,912,3
1229,367294,3,1702,1702,3
1230,127000,3,1507,1507,3
1231,190000,3,2620,2620,3
1232,132500,3,1190,1190,3
1233,101800,3,1224,1224,3
1234,142000,3,1188,1188,3
1235,130000,3,1964,1964,3
1236,138887,3,1784,1784,3
1237,175500,3,1626,1626,3
1238,195000,3,1948,1948,3
1239,142500,3,1141,1141,3
1240,265900,3,1484,1484,3
1241,224900,3,1768,1768,3
1242,248328,3,1689,1689,3
1243,170000,3,1173,1173,3
1244,465000,3,2076,2076,3
1245,230000,3,1517,1517,3
1246,178000,3,1868,1868,3
1247,186500,3,1553,1553,3
1248,169900,3,1034,1034,3
1249,129500,3,2058,2058,3
1250,119000,3,988,988,3
1251,244000,3,2110,2110,3
1252,171750,3,1405,1405,3
1253,130000,3,874,874,3
1254,294000,3,2167,2167,3
1255,165400,3,1656,1656,3
1256,127500,3,1367,1367,3
1257,301500,3,1987,1987,3
1258,99900,3,864,864,3
1259,190000,3,1166,1166,3
1260,151000,3,1054,1054,3
1261,181000,3,1675,1675,3
1262,128900,3,1050,1050,3
1263,161500,3,1788,1788,3
1264,180500,3,1824,1824,3
1265,181000,3,1337,1337,3
1266,183900,3,1452,1452,3
1267,122000,3,1889,1889,3
1268,378500,3,2018,2018,3
1269,381000,3,3447,3447,3
1270,144000,3,1524,1524,3
1271,260000,3,1524,1524,3
1272,185750,3,1489,1489,3
1273,137000,3,935,935,3
1274,177000,3,1357,1357,3
1275,139000,3,1250,1250,3
1276,137000,3,1920,1920,3
1277,162000,3,1395,1395,3
1278,197900,3,1724,1724,3
1279,237000,3,2031,2031,3
1280,68400,3,1128,1128,3
1281,227000,3,1573,1573,3
1282,180000,3,1339,1339,3
1283,150500,3,1040,1040,3
1284,139000,3,1824,1824,3
1285,169000,3,2447,2447,3
1286,132500,3,1412,1412,3
1287,143000,3,1328,1328,3
1288,190000,3,1582,1582,3
1289,278000,3,1659,1659,3
1290,281000,3,1970,1970,3
1291,180500,3,1152,1152,3
1292,119500,3,1302,1302,3
1293,107500,3,2372,2372,3
1294,162900,3,1664,1664,3
1295,115000,3,864,864,3
1296,138500,3,1052,1052,3
1297,155000,3,1128,1128,3
1298,140000,3,1072,1072,3
1299,160000,3,5642,5642,3
1300,154000,3,1246,1246,3
1301,225000,3,1983,1983,3
1302,177500,3,1494,1494,3
1303,290000,3,2526,2526,3
1304,232000,3,1616,1616,3
1305,130000,3,1708,1708,3
1306,325000,2,1652,1652,2
1307,202500,2,1368,1368,2
1308,138000,2,990,990,2
1309,147000,2,1122,1122,2
1310,179200,2,1294,1294,2
1311,335000,2,1902,1902,2
1312,203000,2,1274,1274,2
1313,302000,2,2810,2810,2
1314,333168,2,2599,2599,2
1315,119000,2,948,948,2
1316,206900,2,2112,2112,2
1317,295493,2,1630,1630,2
1318,208900,2,1352,1352,2
1319,275000,2,1787,1787,2
1320,111000,2,948,948,2
1321,156500,2,1478,1478,2
1322,72500,2,720,720,2
1323,190000,2,1923,1923,2
1324,82500,2,708,708,2
1325,147000,2,1795,1795,2
1326,55000,2,796,796,2
1327,79000,2,774,774,2
1328,130500,2,816,816,2
1329,256000,2,2792,2792,2
1330,176500,2,1632,1632,2
1331,227000,2,1588,1588,2
1332,132500,2,954,954,2
1333,100000,2,816,816,2
1334,125500,2,1360,1360,2
1335,125000,2,1365,1365,2
1336,167900,2,1334,1334,2
1337,135000,2,1656,1656,2
1338,52500,2,693,693,2
1339,200000,2,1861,1861,2
1340,128500,2,864,864,2
1341,123000,2,872,872,2
1342,155000,2,1114,1114,2
1343,228500,2,2169,2169,2
1344,177000,2,1913,1913,2
1345,155835,2,1456,1456,2
1346,108500,2,960,960,2
1347,262500,2,2156,2156,2
1348,283463,2,1776,1776,2
1349,215000,2,1494,1494,2
1350,122000,2,2358,2358,2
1351,200000,2,2634,2634,2
1352,171000,2,1716,1716,2
1353,134900,2,1176,1176,2
1354,410000,2,3238,3238,2
1355,235000,2,1865,1865,2
1356,170000,2,1920,1920,2
1357,110000,2,892,892,2
1358,149900,2,1078,1078,2
1359,177500,2,1573,1573,2
1360,315000,2,1980,1980,2
1361,189000,2,2601,2601,2
1362,260000,2,1530,1530,2
1363,104900,2,1738,1738,2
1364,156932,2,1412,1412,2
1365,144152,2,1200,1200,2
1366,216000,2,1674,1674,2
1367,193000,2,1790,1790,2
1368,127000,2,1475,1475,2
1369,144000,2,848,848,2
1370,232000,2,1668,1668,2
1371,105000,2,1374,1374,2
1372,165500,2,1661,1661,2
1373,274300,2,2097,2097,2
1374,466500,2,2633,2633,2
1375,250000,2,1958,1958,2
1376,239000,2,1571,1571,2
1377,91000,2,790,790,2
1378,117000,2,1604,1604,2
1379,83000,2,987,987,2
1380,167500,2,1394,1394,2
1381,58500,2,864,864,2
1382,237500,2,2117,2117,2
1383,157000,2,1762,1762,2
1384,112000,2,1416,1416,2
1385,105000,2,1258,1258,2
1386,125500,2,1154,1154,2
1387,250000,2,2784,2784,2
1388,136000,2,2526,2526,2
1389,377500,2,1746,1746,2
1390,131000,2,1218,1218,2
1391,235000,2,1525,1525,2
1392,124000,2,1584,1584,2
1393,123000,2,900,900,2
1394,163000,2,1912,1912,2
1395,246578,2,1500,1500,2
1396,281213,2,2482,2482,2
1397,160000,2,1687,1687,2
1398,137500,2,1513,1513,2
1399,138000,2,1904,1904,2
1400,137450,2,1608,1608,2
1401,120000,2,1158,1158,2
1402,193000,2,1593,1593,2
1403,193879,2,1294,1294,2
1404,282922,2,1464,1464,2
1405,105000,2,1214,1214,2
1406,275000,2,1646,1646,2
1407,133000,2,768,768,2
1408,112000,2,833,833,2
1409,125500,2,1363,1363,2
1410,215000,2,2093,2093,2
1411,230000,2,1840,1840,2
1412,140000,2,1668,1668,2
1413,90000,2,1040,1040,2
1414,257000,2,1844,1844,2
1415,207000,2,1848,1848,2
1416,175900,2,1569,1569,2
1417,122500,2,2290,2290,2
1418,340000,2,2450,2450,2
1419,124000,2,1144,1144,2
1420,223000,2,1844,1844,2
1421,179900,2,1416,1416,2
1422,127500,2,1069,1069,2
1423,136500,2,848,848,2
1424,274970,2,2201,2201,2
1425,144000,2,1344,1344,2
1426,142000,2,1252,1252,2
1427,271000,2,2127,2127,2
1428,140000,2,1558,1558,2
1429,119000,2,804,804,2
1430,182900,2,1440,1440,2
1431,192140,2,1838,1838,2
1432,143750,2,958,958,2
1433,64500,2,968,968,2
1434,186500,2,1792,1792,2
1435,160000,2,1126,1126,2
1436,174000,2,1537,1537,2
1437,120500,2,864,864,2
1438,394617,2,1932,1932,2
1439,149700,2,1236,1236,2
1440,197000,2,1725,1725,2
1441,191000,2,2555,2555,2
1442,149300,2,848,848,2
1443,310000,2,2007,2007,2
1444,121000,2,952,952,2
1445,179600,2,1422,1422,2
1446,129000,2,913,913,2
1447,157900,2,1188,1188,2
1448,240000,2,2090,2090,2
1449,112000,2,1346,1346,2
1450,92000,2,630,630,2
1451,136000,2,1792,1792,2
1452,287090,2,1578,1578,2
1453,145000,2,1072,1072,2
1454,84500,2,1140,1140,2
1455,185000,2,1221,1221,2
1456,175000,2,1647,1647,2
1457,210000,2,2073,2073,2
1458,266500,2,2340,2340,2
1459,142125,2,1078,1078,2
1460,147500,2,1256,1256,2
